Latitude,Longitude,City,State,Entity,Score,Title,URL,IA URL,Description,Picture  Pull the website in the window)?,Expertise,lat,long,Rank,
30.6954° N,88.0399° W,Mobile,AL,Law Enforcement ,1,Representative,secured,secured,"Law Enforcement contacts at town, city, state and federal levels in association with crypto forensic investigations.   ",,.,30.6954,-88.0399,11,"IF(ISNUMBER(SEARCH(""° W"", B64)), ""-"" & SUBSTITUTE(B64, ""° W"", """"), IF(ISNUMBER(SEARCH(""° E"", B64)), SUBSTITUTE(B64, ""° E"", """"), B64))"
37.8136° S,144.9631° E,Victoria,,,1,,,,,,,-37.8136,144.9631,16,"IF(ISNUMBER(SEARCH(""° S"", A64)), ""-"" & SUBSTITUTE(A64, ""° S"", """"), IF(ISNUMBER(SEARCH(""° N"", A64)), SUBSTITUTE(A64, ""° N"", """"), A64))"
37.1905° S,145.7088° E,Alexandra,,,1,,,,,,,-37.1905,145.7088,27,
33.7700° S,150.9072° E,Blacktown,,,1,,,,,,,-33.77,150.9072,15,
27.4698° S,153.0251° E,Brisbane,,,1,,,,,,,-27.4698,153.0251,10,
33.9029° S,151.2652° E,Sydney,,,1,,,,,,,-33.9029,151.2652,30,
33.8915° S,151.2767° E,Sydney,,,1,,,,,,,-33.8915,151.2767,16,
38.1469° S,145.1236° E,Frankston,,,1,,,,,,,-38.1469,145.1236,24,
34.9326° S,138.4988° E,Henley Beach,,,1,,,,,,,-34.9326,138.4988,27,
33.9630° S,151.1333° E,Kogarah,,,1,,,,,,,-33.963,151.1333,17,
33.7930° S,151.2871° E,Sydney,Sydney,,1,,,,,,,-33.793,151.2871,27,
33.7603° S, 150.9987° E,Liverpool,,,1,,,,,,,-33.7603,150.9987,17,
35.2809° S,149.1300° E,Canberra ,AUS,,1,,,,,,,-35.2809,149.13,17,
37.8136° S,144.9631° E,Victoria,,,1,,,,,,,-37.8136,144.9631,4,
37.8136° S,144.9631° E,Melbourne,Victoria,,1,,,,,,,-37.8136,144.9631,27,
33.8480° S,151.0671° E,Sydney,,,1,,,,,,,-33.848,151.0671,4,
22.1647,144.5845° E,Queensland,,,1,,,,,,,22.16,144.5845,13,
35.0631° S,138.8570° E,Mount Barker,,,1,,,,,,,-35.0631,138.857,16,
27.4698,153.0251° E,Brisbane,Queensland,,1,,,,,,,27.47,153.0251,27,
33.8150° S,151.0037° E,Sydney,,,1,,,,,,,-33.815,151.0037,14,
33.7967° S,151.1809° E,Stafford,Queensland,,1,,,,,,,-33.7967,151.1809,20,
33.8466° S,151.0710° E,Sydney,,,1,,,,,,,-33.8466,151.071,14,
33.8136° S,146.9211° E,,New South Wales,,1,,,,,,,-33.8136,146.9211,30,
31.8741° S,151.0982° E,Sydney ,,,1,,,,,,,-31.8741,151.0982,15,
33.8783° S,151.1868° E,Sydney ,,,1,,,,,,,-33.8783,151.1868,5,
31.8741° S,146.9211° E,Sydney ,,,1,,,,,,,-31.8741,146.9211,6,
20.9176° S,142.7028° E,Queensland,,,1,,,,,,,-20.9176,142.7028,3,
20.9176° S,142.7028° E,,Queensland,,1,,,,,,,-20.9176,142.7028,15,
20.9176° S,142.7028° E,Queensland,,,1,,,,,,,-20.9176,142.7028,23,
37.8136° S,144.9631° E,,Victoria,,1,,,,,,,-37.8136,144.9631,4,
25.0423° S,117.7932° E,,Western Australia,,1,,,,,,,-25.0423,117.7932,9,
34.9285° S,138.6007° E,South Australia,,,1,,,,,,,-34.9285,138.6007,10,
33.8688° S ,151.2093° E,Sydney,,,1,,,,,,,-33.8688,151.2093,27,
33.8688° S ,151.2093° E,Sydney,,,1,,,,,,,-33.8688,151.2093,4,
33.8688° S ,151.2093° E,Sydney,,,1,,,,,,,-33.8688,151.2093,12,
33.8688° S,151.2093° E,Sydney,,,1,,,,,,,-33.8688,151.2093,28,
33.8568° S,151.2153° E,Sydney,,,1,,,,,,,-33.8568,151.2153,30,
33.8819° S,151.1565° E,Sydney,,,1,,,,,,,-33.8819,151.1565,27,
33.8323° S,151.2199° E,Sydney,,,1,,,,,,,-33.8323,151.2199,2,
20.9176° S,142.7028° E,Brisbane Water,Queensland,,1,,,,,,,-20.9176,142.7028,16,
33.8703° S,151.2708° E,Sydney,,,1,,,,,,,-33.8703,151.2708,12,
33.8849° S,151.2263° E,Sydney,,,1,,,,,,,-33.8849,151.2263,18,
31.9152° S,152.4577° E,Taree,,,1,,,,,,,-31.9152,152.4577,23,
41.4545° S,145.9707° E,Tasmania,,,1,,,,,,,-41.4545,145.9707,10,
37.8136° S,144.9631° E,Victoria,,,1,,,,,,,-37.8136,144.9631,11,
37.1905° S,145.7088° E,Victoria,,,1,,,,,,,-37.1905,145.7088,17,
37.8136° S,144.9631° E,Victoria,,,1,,,,,,,-37.8136,144.9631,10,
37.8136° S,144.9631° E,Victoria,,,1,,,,,,,-37.8136,144.9631,2,
37.8136° S,144.9631° E,Victoria,,,1,,,,,,,-37.8136,144.9631,21,
20.9176° S,142.7028° E,Sunshine Coast,Queensland,,1,,,,,,,-20.9176,142.7028,6,
37.8136° S,144.9631° E,Victoria,,,1,,,,,,,-37.8136,144.9631,12,
37.8136° S,144.9631° E,Victoria,,,1,,,,,,,-37.8136,144.9631,19,
37.8136° S,144.9631° E,Victoria,,,1,,,,,,,-37.8136,144.9631,5,
37.8136° S,144.9631° E,Victoria,,,1,,,,,,,-37.8136,144.9631,12,
45.5982° N,8.9104° E,,Victoria,,1,,,,,,,45.5982,8.9104,28,
38.8339° N,104.8214° W,Victoria,,,1,,,,,,,38.8339,-104.8214,3,
41.2009° N,73.1299° W,,Victoria,,1,,,,,,,41.2009,-73.1299,19,
33.8688° S,151.2093° E,,New South Wales,,1,,,,,,,-33.8688,151.2093,16,
33.8688° S,151.2093° E,,New South Wales,,1,,,,,,,-33.8688,151.2093,24,
15.4794° S,128.1226° E,Wyndham,,,1,,,,,,,-15.4794,128.1226,18,
37.8136° S,144.9631° E,,Victoria,,1,,,,,,,-37.8136,144.9631,30,
31.8741° S,146.9211° E,,New South Wales,,1,,,,,,,-31.8741,146.9211,4,
47.5162° N,14.5501° E,Landeck,,,1,,,,,,,47.5162,14.5501,15,
48.8566° N,16.3695° E,Wien,,,1,,,,,,,48.8566,16.3695,3,
48.8566° N,16.3830° E,Vienna,,,1,,,,,,,48.8566,16.383,5,
33.8054° S,150.9888° E,Sydney,,,1,,,,,,,-33.8054,150.9888,14,
25.0343° N,77.3963° W,Nassau,,,1,,,,,,,25.0343,-77.3963,10,
50.8503° N,4.3562° E,Brussels,,,1,,,,,,,50.8503,4.3562,19,
51.0543° N,3.7174° E,,Flanders,,1,,,,,,,51.0543,3.7174,2,
50.5985° N,4.3278° E,Nivelles  Genappe,,,1,,,,,,,50.5985,4.3278,27,
50.8495° N, 4.3525° E,Brussels ,,,1,,,,,,,50.8495,4.3525,29,
50.8511° N,4.3548° E,Brussels ,,,1,,,,,,,50.8511,4.3548,23,
50.8487° N,4.3493° E,Brussels ,,,1,,,,,,,50.8487,4.3493,11,
51.9331° N,4.2734° E,Maasland,,,1,,,,,,,51.9331,4.2734,28,
51.0000° N,4.5000° E,Vlaanderen,,,1,,,,,,,51,4.5,16,
51.2194° N,4.4025° E,Antwerp,,,1,,,,,,,51.2194,4.4025,24,
50.8466° N,4.3528° E,Brussells,,,1,,,,,,,50.8466,4.3528,3,
50.8949° N,4.3410° E,Brussells,,,1,,,,,,,50.8949,4.341,25,
50.4100° N,4.4444° E,Charleroi,,,1,,,,,,,50.41,4.4444,6,
51.2125° N ,4.3975° E,Antwerp,,,1,,,,,,,51.2125,4.3975,9,
50.5039° N,4.4699° E,Brussells,,,1,,,,,,,50.5039,4.4699,11,
38.8339° N,104.8214° W,Flemish Brabant,,,1,,,,,,,38.8339,-104.8214,12,
50.8530° N,4.3505° E,Brussels ,,,1,,,,,,,50.853,4.3505,10,
15.7801° S,47.9292° W,Brassila,,,1,,,,,,,-15.7801,-47.9292,30,
27.5954° S,48.5480° W,Santa Catarina,,,1,,,,,,,-27.5954,-48.548,22,
42.7339° N,25.4858° E,Sofia,,,1,,,,,,,42.7339,25.4858,2,
42.6977° N,23.3219° E,,Sofia,,1,,,,,,,42.6977,23.3219,18,
42.6986° N,23.3198° E,,Sofia,,1,,,,,,,42.6986,23.3198,8,
43.6532° N,79.3832° W,Toronto,,,1,,,,,,,43.6532,-79.3832,24,
37.9577° N,121.2908° W,Stockton,,,1,,,,,,,37.9577,-121.2908,15,
45.4000° N,71.8990° W,Sherbrooke,,,1,,,,,,,45.4,-71.899,22,
38.5816° N,121.4944° W,Sacremento,,,1,,,,,,,38.5816,-121.4944,7,
34.0551° N,117.7497° W,Pomona,,,1,,,,,,,34.0551,-117.7497,13,
36.7372° N,119.7871° W,Fresno,,,1,,,,,,,36.7372,-119.7871,9,
 51.0447° N,114.0719° W,Calgary,,,1,,,,,,,51.0447,-114.0719,11,
46.4927° N,80.9910° W,Sudbury,,,1,,,,,,,46.4927,-80.991,27,
43.4643° N,80.5204° W,Waterloo,,,1,,,,,,,43.4643,-80.5204,12,
42.9745° N,79.8663° W,Haldimand,,,1,,,,,,,42.9745,-79.8663,18,
 51.0447° N,114.0719° W,Calgary,,,1,,,,,,,51.0447,-114.0719,17,
53.9166° N,122.7530° W,Prince George,,,1,,,,,,,53.9166,-122.753,17,
49.8951° N,97.1384° W,Winnipeg,,,1,,,,,,,49.8951,-97.1384,19,
43.6529° N,79.3849° W,Toronto,,,1,,,,,,,43.6529,-79.3849,22,
49.8460° N,99.9530° W,Brandon,,,1,,,,,,,49.846,-99.953,2,
49.8951° N,97.1384° W,Winnipeg,,,1,,,,,,,49.8951,-97.1384,27,
46.8139° N,71.2080° W,Quebec,,,1,,,,,,,46.8139,-71.208,6,
49.2827° N, 123.1207° W,Vancouver,,,1,,,,,,,49.2827,-123.1207,18,
48.3809° N,89.2477° W,Thunder Bay,Ontario,,1,,,,,,,48.3809,-89.2477,3,
42.9860° N,79.7990° W,Haldimand ,Ontario,,1,,,,,,,42.986,-79.799,30,
42.9860° N,79.7990° W,Haldimand ,Ontario,,1,,,,,,,42.986,-79.799,25,
42.9860° N,79.7990° W,Haldimand County,Ontario,,1,,,,,,,42.986,-79.799,9,
46.1041° N,77.5035° W,Deep River,,,1,,,,,,,46.1041,-77.5035,6,
42.9849° N,81.2453° W,London,,,1,,,,,,,42.9849,-81.2453,4,
51.0447° N,114.0719° W,,Calgary,,1,,,,,,,51.0447,-114.0719,26,
43.2557° N,79.8711° W,Hamilton,,,1,,,,,,,43.2557,-79.8711,22,
48.4284° N,123.3656° W,Victoria ,BC,,1,,,,,,,48.4284,-123.3656,8,
42.9860° N,79.7990° W,Haldimand,,,1,,,,,,,42.986,-79.799,9,
43.2557° N,79.8711° W,Hamillton,,,1,,,,,,,43.2557,-79.8711,14,
49.2827° N,123.1207° W,Vancouver,,,1,,,,,,,49.2827,-123.1207,11,
49.4401° N,123.2714° W,Sunshine Coast,,,1,,,,,,,49.4401,-123.2714,11,
49.2827° N,123.1207° W,Vancouver,,,1,,,,,,,49.2827,-123.1207,26,
45.3948° N,75.7032° W,Peel,,,1,,,,,,,45.3948,-75.7032,25,
45.0185° N,74.7281° W,Cornwall,,,1,,,,,,,45.0185,-74.7281,22,
42.9712° N,79.8658° W,Haldimand County,,,1,,,,,,,42.9712,-79.8658,15,
44.1382° N,77.4653° W,Durham,Ontario,,1,,,,,,,44.1382,-77.4653,9,
45.5017° N,73.5673° W,Montreal,,,1,,,,,,,45.5017,-73.5673,7,
42.9712° N,79.8658° W,Haldiman County,,,1,,,,,,,42.9712,-79.8658,22,
46.8139° N,71.2080° W,Quebec,Quebec,,1,,,,,,,46.8139,-71.208,10,
 51.0447° N,114.0719° W,Calgary,,,1,,,,,,,51.0447,-114.0719,12,
45.4000° N,71.9000° W,Sherbrooke,,,1,,,,,,,45.4,-71.9,17,
42.9712° N,79.8658° W,Haldiman County,,,1,,,,,,,42.9712,-79.8658,28,
42.9712° N,79.8658° W,Pickering,,,1,,,,,,,42.9712,-79.8658,2,
53.9333° N,116.5765° W,Alberta,,,1,,,,,,,53.9333,-116.5765,13,
46.8139° N,71.2080° W,,Quebec,,1,,,,,,,46.8139,-71.208,25,
53.5444° N,113.4909° W,Edmonton ,,,1,,,,,,,53.5444,-113.4909,3,
45.5017° N,73.5673° W,Montreal,Quebec,,1,,,,,,,45.5017,-73.5673,5,
46.8139° N,71.2080° W,Flemish Brabrant,,,1,,,,,,,46.8139,-71.208,6,
49.2827° N,122.7984° W,Coquitlam,British Columbia ,,1,,,,,,,49.2827,-122.7984,28,
43.6532° N,79.3832° W,Toronto,,,1,,,,,,,43.6532,-79.3832,6,
53.5444° N,113.4909° W,Edmonton,,,1,,,,,,,53.5444,-113.4909,10,
53.2896° N,102.8038° W,Carrot River,,,1,,,,,,,53.2896,-102.8038,4,
 51.0447° N,114.0719° W,Calgary,,,1,,,,,,,51.0447,-114.0719,11,
46.8139° N,71.2080° W,,Quebec,,1,,,,,,,46.8139,-71.208,12,
48.4284° N,123.3656° W,Victoria,BC,,1,,,,,,,48.4284,-123.3656,19,
46.8139° N,71.2080° W,,Quebec,,1,,,,,,,46.8139,-71.208,5,
48.6595° N,123.6019° W,Shawnigan Lake,,,1,,,,,,,48.6595,-123.6019,25,
45.3985° N,72.7324° W,Granby,,,1,,,,,,,45.3985,-72.7324,26,
45.5475° N,73.7222° W,LavaldesRapides,,,1,,,,,,,45.5475,-73.7222,10,
46.8139° N,71.2080° W,,Quebec,,1,,,,,,,46.8139,-71.208,15,
46.8139° N,71.2080° W,,Quebec,,1,,,,,,,46.8139,-71.208,24,
45.3948° N,75.7032° W,Peel,,,1,,,,,,,45.3948,-75.7032,28,
51.4664° N,109.1352° W,,Saskatchewan,,1,,,,,,,51.4664,-109.1352,22,
49.8951° N,97.1384° W,Winnipeg,,,1,,,,,,,49.8951,-97.1384,24,
48.4284° N,123.3656° W,Victoria ,BC,,1,,,,,,,48.4284,-123.3656,10,
49.1365° N,102.9914° W,Estevan,,,1,,,,,,,49.1365,-102.9914,24,
49.6955° N,112.8450° W,Lethbridge,,,1,,,,,,,49.6955,-112.845,17,
49.6955° N,112.8450° W,Lethbridge,,,1,,,,,,,49.6955,-112.845,21,
51.2538° N,85.3232° W,,Ontario,,1,,,,,,,51.2538,-85.3232,25,
42.9409° N,79.8587° W,Haldimand,,,1,,,,,,,42.9409,-79.8587,10,
51.2538° N,85.3232° W,,Ontario,,1,,,,,,,51.2538,-85.3232,25,
51.2538° N,85.3232° W,,Quebec,,1,,,,,,,51.2538,-85.3232,3,
43.5183° N,79.8371° W,Halton,,,1,,,,,,,43.5183,-79.8371,18,
46.8139° N,71.2080° W,Quebec,,,1,,,,,,,46.8139,-71.208,2,
44.3894° N,79.6903° W,Barrie,,,1,,,,,,,44.3894,-79.6903,19,
44.3894° N,79.6903° W,Barrie,,,1,,,,,,,44.3894,-79.6903,12,
48.4284° N,123.3656° W,Victoria ,BC,,1,,,,,,,48.4284,-123.3656,21,
52.1332° N,106.6700° W,,Saskatchewan,,1,,,,,,,52.1332,-106.67,26,
51.0447° N,114.0719° W,Calgary,AB,,1,,,,,,,51.0447,-114.0719,5,
45.5017° N,73.5673° W,Peel,,,1,,,,,,,45.5017,-73.5673,5,
45.4001° N,71.8990° W,Sherbrooke,,,1,,,,,,,45.4001,-71.899,16,
51.2538° N,85.3232° W,,Ontario,,1,,,,,,,51.2538,-85.3232,20,
49.2827° N,123.1207° W,Vancouver,,,1,,,,,,,49.2827,-123.1207,14,
45.7466° N,73.6015° W,Mascouche,,,1,,,,,,,45.7466,-73.6015,9,
43.6532° N,79.3832° W,Toronto,,,1,,,,,,,43.6532,-79.3832,4,
 51.0447° N,114.0719° W,Calgary,,,1,,,,,,,51.0447,-114.0719,8,
48.4284° N,123.3656° W,Victoria,,,1,,,,,,,48.4284,-123.3656,22,
45.7760° N,74.0039° W,SaintJerome,,,1,,,,,,,45.776,-74.0039,4,
45.5017° N,73.5673° W,Peel,,,1,,,,,,,45.5017,-73.5673,8,
49.2044° N,122.9120° W,New Westminster,,,1,,,,,,,49.2044,-122.912,8,
53.0000° N,116.0000° W,Alberta,,,1,,,,,,,53,-116,10,
49.8951° N,97.1384° W,Manitoba,,,1,,,,,,,49.8951,-97.1384,17,
42.9787° N,82.4043° W,Sarnia,,,1,,,,,,,42.9787,-82.4043,27,
51.2538° N,85.3232° W,,Ontario,,1,,,,,,,51.2538,-85.3232,17,
43.65107° N,79.347015° W,Toronto,Ontario,,1,,,,,,,43.65107,-79.347015,20,
45.5017° N,73.5673° W,Peel,,,1,,,,,,,45.5017,-73.5673,11,
45.5017° N,73.5673° W,Peel,,,1,,,,,,,45.5017,-73.5673,28,
51.2538° N,85.3232° W,,Ontario,,1,,,,,,,51.2538,-85.3232,10,
50.4452° N,-104.6189,Regina,,,1,,,,,,,50.4452,-104.6189,14,
42.9849° N,81.2453° W,London,ON,,1,,,,,,,42.9849,-81.2453,29,
51.2538° N,85.3232° W,,Ontario,,1,,,,,,,51.2538,-85.3232,26,
53.5436° N,113.4880° W,Edmonton,,,1,,,,,,,53.5436,-113.488,24,
45.4000° N,71.9000° W,Sherbrooke,Quebec,,1,,,,,,,45.4,-71.9,20,
46.5227° N, 84.3467° W,Marie,Ontario,,1,,,,,,,46.5227,-84.3467,19,
19.3133° N,81.2546° W,George Town,,,1,,,,,,,19.3133,-81.2546,4,
19.3133° N,81.2546° W,,,,1,,,,,,,19.3133,-81.2546,10,
33.4489° S,70.6693° W,,Santiago,,1,,,,,,,-33.4489,-70.6693,15,
33.4489° S,70.6693° W,Santiagoa,,,1,,,,,,,-33.4489,-70.6693,6,
33.4489° S,70.6693° W,Santiago,,,1,,,,,,,-33.4489,-70.6693,19,
33.4489° S,70.6693° W,Santiagoa,,,1,,,,,,,-33.4489,-70.6693,5,
33.4489° S,70.6693° W,Santiagoa,,,1,,,,,,,-33.4489,-70.6693,14,
4.7100° N,74.0721° W,Bogota,,,1,,,,,,,4.71,-74.0721,6,
4.7100° N,74.0721° W,Bogota,,,1,,,,,,,4.71,-74.0721,14,
4.7100° N,74.0721° W,Bogota,,,1,,,,,,,4.71,-74.0721,20,
4.7100° N,74.0721° W,Bogota,,,1,,,,,,,4.71,-74.0721,8,
4.7100° N,74.0721° W,Bogota,,,1,,,,,,,4.71,-74.0721,3,
5.5469° N,73.3504° W,Tunja,,,1,,,,,,,5.5469,-73.3504,11,
3.4516° N,76.5320° W,Santiago,,,1,,,,,,,3.4516,-76.532,6,
33.4489° S,70.6693° W,Santiagoa,,,1,,,,,,,-33.4489,-70.6693,13,
33.4489° S,70.6693° W,Santiagoa,,,1,,,,,,,-33.4489,-70.6693,18,
9.9281° N,84.0907° W,San Jose ,,,1,,,,,,,9.9281,-84.0907,20,
45.8398° N ,16.0820° E,,"Sesvete, ",,1,,,,,,,45.8398,16.082,21,
45.3370° N,14.3132° E,Opatijia,,,1,,,,,,,45.337,14.3132,29,
45.8317° N,16.1153° E,Sesvete,,,1,,,,,,,45.8317,16.1153,23,
35.1264° N,33.4299° E,Nicosia,,,1,,,,,,,35.1264,33.4299,30,
35.1264° N , 33.4299° E,,,,1,,,,,,,35.1264,33.4299,30,
35.1264° N , 33.4299° E,,,,1,,,,,,,35.1264,33.4299,20,
35.1264° N,33.4299° E,,,,1,,,,,,,35.1264,33.4299,19,
35.1856° N,33.3823° E,,Nicosia,,1,,,,,,,35.1856,33.3823,18,
49.8175° N,15.4730° E,Bohemian Region,,,1,,,,,,,49.8175,15.473,23,
50.0755° N,14.4378° E,,Prague,,1,,,,,,,50.0755,14.4378,4,
50.0755° N,14.4378° E,Central Bohemian,,,1,,,,,,,50.0755,14.4378,18,
56.2639° N,9.5018° E,copenhagen,,,1,,,,,,,56.2639,9.5018,20,
55.6761° N,12.5683° E,Copenhagen ,,,1,,,,,,,55.6761,12.5683,14,
55.7161° N,12.5696° E,Saxon,,,1,,,,,,,55.7161,12.5696,9,
55.6761° N,12.5683° E,Copenhagen ,,,1,,,,,,,55.6761,12.5683,16,
55.6761° N,12.5683° E,Copenhagen ,,,1,,,,,,,55.6761,12.5683,30,
55.1308° N,14.9054° E,Bornholms,,,1,,,,,,,55.1308,14.9054,20,
56.2639° N,9.5018° E,,,,1,,,,,,,56.2639,9.5018,27,
55.3333° N,10.5000° E,Fyn (Funen),,,1,,,,,,,55.3333,10.5,2,
1.8312° S,78.1834° W,Quito,,,1,,,,,,,-1.8312,-78.1834,15,
59.4370° N,24.7536° E,Tallinn,,,1,,,,,,,59.437,24.7536,13,
64.9245° N,26.1224° E,Helsinki,,,1,,,,,,,64.9245,26.1224,3,
60.1695° N,24.9354° E,Helsinki,,,1,,,,,,,60.1695,24.9354,24,
60.1695° N,24.9354° E,Helsinki,,,1,,,,,,,60.1695,24.9354,19,
46.6035° N,1.8883° E,Paris,,,1,,,,,,,46.6035,1.8883,13,
47.6582° N,2.7608° W,,Vannes,,1,,,,,,,47.6582,-2.7608,27,
46.1946° N,6.2361° E,Annemasse,,,1,,,,,,,46.1946,6.2361,23,
43.6110° N,3.8767° E,Montpellier,,,1,,,,,,,43.611,3.8767,29,
48.8566° N,2.3522° E,Paris ,,,1,,,,,,,48.8566,2.3522,29,
44.1942° N,5.9425° E,Sisteron,,,1,,,,,,,44.1942,5.9425,19,
48.8566° N,2.3522° E,Paris ,,,1,,,,,,,48.8566,2.3522,27,
47.4808° N,0.5300° W,,Pays de la Loire,,1,,,,,,,47.4808,-0.53,3,
48.8566° N,2.3522° E,Paris,,,1,,,,,,,48.8566,2.3522,20,
46.6034° N,1.8883° E,,Paris,,1,,,,,,,46.6034,1.8883,2,
46.6034° N,1.8883° E,,Paris,,1,,,,,,,46.6034,1.8883,17,
52.5200° N,13.4050° E,Berlin,,,1,,,,,,,52.52,13.405,5,
52.4125° N,12.5316° E,Brandenburg,,,1,,,,,,,52.4125,12.5316,25,
49.8910° N,10.8860° E,Bamberg,,,1,,,,,,,49.891,10.886,23,
51.0112° N,10.8453° E,,Thueringen,,1,,,,,,,51.0112,10.8453,4,
48.6616° N,9.3501° E,BadenWuerttemberg,,,1,,,,,,,48.6616,9.3501,6,
52.5200° N,13.4050° E,Berlin,,,1,,,,,,,52.52,13.405,15,
50.7753° N,8.9900° E,,Hessen,,1,,,,,,,50.7753,8.99,20,
47.6159° N,7.6611° E,, Lörrach,,1,,,,,,,47.6159,7.6611,23,
51.9503° N,11.6925° E,,SaxonyAnhalt,,1,,,,,,,51.9503,11.6925,19,
51.9503° N,11.6925° E,,SaxonyAnhalt,,1,,,,,,,51.9503,11.6925,4,
52.5200° N,13.4050° E,Berlin,,,1,,,,,,,52.52,13.405,15,
48.5436° N,12.1513° E,landsh,,,1,,,,,,,48.5436,12.1513,23,
48.6616° N,9.3501° E,BadenWuerttemberg,,,1,,,,,,,48.6616,9.3501,13,
51.4339° N,7.6616° E,RhineWesphalia,,,1,,,,,,,51.4339,7.6616,21,
51.1045° N,13.2017° E,Saxony,,,1,,,,,,,51.1045,13.2017,26,
48.6616° N,9.3501° E,BadenWuerttemberg,,,1,,,,,,,48.6616,9.3501,5,
51.9503° N,11.6925° E,SaxonyAnhal,,,1,,,,,,,51.9503,11.6925,15,
51.4339° N,7.6616° E,RhineWestphalia,,,1,,,,,,,51.4339,7.6616,5,
51.1045° N,13.2017° E,sachsen,,,1,,,,,,,51.1045,13.2017,15,
51.4339° N,7.6616° E,RhineWestphalia,,,1,,,,,,,51.4339,7.6616,13,
51.4165° N,14.3720° E,Brandenburg,,,1,,,,,,,51.4165,14.372,20,
49.0000° N,12.0000° E,Baryern,,,1,,,,,,,49,12,3,
51.1045° N,13.2017° E,Saxony,,,1,,,,,,,51.1045,13.2017,8,
50.7753° N,8.9900° E,,Hessen,,1,,,,,,,50.7753,8.99,29,
51.1657° N,10.4515° E,,landsh,,1,,,,,,,51.1657,10.4515,25,
48.7904° N,11.4979° E,,Bavaria,,1,,,,,,,48.7904,11.4979,8,
50.6521° N,9.1624° E,Hessen,,,1,,,,,,,50.6521,9.1624,26,
48.7904° N,11.4979° E,Bayern,,,1,,,,,,,48.7904,11.4979,10,
51.4339° N,7.6616° E,,North RhineWestphalia,,1,,,,,,,51.4339,7.6616,2,
39.0742° N,21.8243° E,Athens,,,1,,,,,,,39.0742,21.8243,24,
37.9838° N,23.7275° E,Athens,,,1,,,,,,,37.9838,23.7275,30,
22.2795° N,114.1605° E,Hong Kong,,,1,,,,,,,22.2795,114.1605,20,
22.3193° N,114.1694° E,Hong Kong,,,1,,,,,,,22.3193,114.1694,19,
47.4979° N,19.0402° E,Budapest,,,1,,,,,,,47.4979,19.0402,21,
47.7333° N,18.1167° E,Komarom,,,1,,,,,,,47.7333,18.1167,21,
47.0926° N,17.9156° E,Veszprem,,,1,,,,,,,47.0926,17.9156,12,
47.0926° N,17.9156° E,Veszprem,,,1,,,,,,,47.0926,17.9156,6,
47.0840° N,16.5130° E,Vas Vármegyei,,,1,,,,,,,47.084,16.513,27,
44.4268° N,26.1025° E,Bucharest ,,,1,,,,,,,44.4268,26.1025,18,
47.0929° N,17.9149° E,Veszprem,,,1,,,,,,,47.0929,17.9149,13,
47.4979° N,19.0402° E,,,,1,,,,,,,47.4979,19.0402,12,
64.1466° N,21.9426° W,Reykiavík,,,1,,,,,,,64.1466,-21.9426,17,
53.4129° N,8.2439° W,Galway Garda,,,1,,,,,,,53.4129,-8.2439,26,
53.3498° N,6.2603° W,Dublin,,,1,,,,,,,53.3498,-6.2603,23,
51.8969° N,8.4863° W,County Cork,,,1,,,,,,,51.8969,-8.4863,3,
31.9516° N,34.8955° E,Lod,,,1,,,,,,,31.9516,34.8955,24,
31.9522° N,34.8889° E,,Lod,,1,,,,,,,31.9522,34.8889,3,
45.6961° N,9.6672° E,Bergamo,,,1,,,,,,,45.6961,9.6672,30,
44.5536° N,7.7197° E,Fossano,,,1,,,,,,,44.5536,7.7197,25,
41.8928° N,12.4826° E,Lazio,,,1,,,,,,,41.8928,12.4826,17,
45.4642° N,9.1900° E,MIlan,,,1,,,,,,,45.4642,9.19,20,
41.9028° N,12.4964° E,,Rome,,1,,,,,,,41.9028,12.4964,19,
41.9028° N,12.4964° E,,Rome,,1,,,,,,,41.9028,12.4964,8,
41.9028° N,12.4964° E,Rome,,,1,,,,,,,41.9028,12.4964,30,
45.4642° N,9.1900° E,,Milan,,1,,,,,,,45.4642,9.19,14,
41.9028° N,12.4964° E,SAN GIOVANNI,,,1,,,,,,,41.9028,12.4964,17,
45.0703° N,7.6869° E,,Turin,,1,,,,,,,45.0703,7.6869,5,
41.9028° N,12.4964° E,Rome,,,1,,,,,,,41.9028,12.4964,18,
49.8153° N,6.1296° E,,Legnano,,1,,,,,,,49.8153,6.1296,30,
45.5439° N,9.2737° E,,Cologno Monzese,,1,,,,,,,45.5439,9.2737,15,
45.4459° N,8.6212° E,Novara,,,1,,,,,,,45.4459,8.6212,27,
41.9028° N,12.4964° E,Lazio,,,1,,,,,,,41.9028,12.4964,7,
35.7327° N,139.5400° E,Nishitokyo,Tokyo,,1,,,,,,,35.7327,139.54,22,
49.6116° N,6.1319° E,Luxembourg,,,1,,,,,,,49.6116,6.1319,8,
4.2105° N,101.9758° E,,,,1,,,,,,,4.2105,101.9758,30,
4.2105° N,101.9758° E,,,,1,,,,,,,4.2105,101.9758,3,
3.1390° N,101.6869° E,"Kuala Lumpur,",,,1,,,,,,,3.139,101.6869,26,
37.8393° N,84.2700° W,,,,1,,,,,,,37.8393,-84.27,22,
3.1390° N,101.6869° E,"Kuala Lumpur,",,,1,,,,,,,3.139,101.6869,27,
39.1547° N,77.2405° W,Montgomery County,,,1,,,,,,,39.1547,-77.2405,7,
42.0323° N,71.2181° W,Mansfield,,,1,,,,,,,42.0323,-71.2181,3,
42.1084° N,72.0759° W,Sturbridge,,,1,,,,,,,42.1084,-72.0759,30,
20.5881° N,100.3899° W,Querétaro,,,1,,,,,,,20.5881,-100.3899,25,
20.5881° N,100.3899° W,Querétaro,,,1,,,,,,,20.5881,-100.3899,19,
19.1817° N,88.4791° W,,QUINTANA ROO,,1,,,,,,,19.1817,-88.4791,2,
19.4326° N,99.1332° W,,Mexico City,,1,,,,,,,19.4326,-99.1332,14,
30.7852° N,89.1238° W,Stone County,,,1,,,,,,,30.7852,-89.1238,25,
43.7384° N,7.4246° E,Riviera,,,1,,,,,,,43.7384,7.4246,20,
47.4942° N,111.2830° W,Great Falls ,,,1,,,,,,,47.4942,-111.283,23,
52.1326° N,5.2913° E,,,,1,,,,,,,52.1326,5.2913,24,
51.4988° N,3.6105° E,Zeeland,,,1,,,,,,,51.4988,3.6105,26,
52.1326° N,5.2913° E,,,,1,,,,,,,52.1326,5.2913,27,
51.9225° N,4.4792° E,Rotterdam,,,1,,,,,,,51.9225,4.4792,12,
52.3676° N,4.9041° E,Amsterdam,,,1,,,,,,,52.3676,4.9041,8,
52.3676° N,4.9041° E,Amsterdam,,,1,,,,,,,52.3676,4.9041,18,
51.6978° N,5.3021° E,,North Brabant,,1,,,,,,,51.6978,5.3021,9,
52.3676° N,4.9041° E,,Amsterdam,,1,,,,,,,52.3676,4.9041,27,
52.1601° N,6.7485° E,Haaksbergen,,,1,,,,,,,52.1601,6.7485,19,
52.1326° N,5.2913° E,,,,1,,,,,,,52.1326,5.2913,11,
26.7056° N,80.0364° W,"Almere, Flevoland",,,1,,,,,,,26.7056,-80.0364,15,
52.0705° N,4.3007° E,South Holland,,,1,,,,,,,52.0705,4.3007,2,
52.0705° N,4.3007° E,South Holland,,,1,,,,,,,52.0705,4.3007,8,
52.3676° N,4.9041° E,Amsterdam,,,1,,,,,,,52.3676,4.9041,5,
40.7282° N,74.0776° W,West Long Beach,,,1,,,,,,,40.7282,-74.0776,24,
36.9904° S,174.8799° E,Manukau,,,1,,,,,,,-36.9904,174.8799,16,
36.9904° S,174.8799° E,Manukau,Auckland,,1,,,,,,,-36.9904,174.8799,14,
60.4720° N,8.4689° E,,,,1,,,,,,,60.472,8.4689,27,
60.4720° N,8.4689° E,,,,1,,,,,,,60.472,8.4689,10,
60.4720° N,8.4689° E,,,,1,,,,,,,60.472,8.4689,19,
59.9139° N,10.7522° E,Oslo,,,1,,,,,,,59.9139,10.7522,13,
59.9139° N,10.7522° E,Oslo,,,1,,,,,,,59.9139,10.7522,21,
7.1638° S,78.5003° W,Cajamarca,,,1,,,,,,,-7.1638,-78.5003,26,
11.9465° S,77.0494° W,Comas,,,1,,,,,,,-11.9465,-77.0494,27,
12.0464° S,77.0428° W,Lima,,,1,,,,,,,-12.0464,-77.0428,26,
16.4090° S,71.5375° W,Arequipa,,,1,,,,,,,-16.409,-71.5375,23,
14.5995° N,120.9842° E,Manila,,,1,,,,,,,14.5995,120.9842,16,
7.1068° N,125.6216° E,Davo,,,1,,,,,,,7.1068,125.6216,26,
15.5° N,121.0° E,,Luzon,,1,,,,,,,15.5,121,10,
12.8797° N,121.7740° E,,,,1,,,,,,,12.8797,121.774,2,
52.0692° N,19.4806° E,,,,1,,,,,,,52.0692,19.4806,25,
53.1109° N,18.0149° E,KuyaviaPomeranian,,,1,,,,,,,53.1109,18.0149,2,
53.1333,23.1643,Podlasie,,,1,,,,,,,53.13,23.1643,28,
39.3999° N,8.2245° W,,Lisbon,,1,,,,,,,39.3999,-8.2245,3,
38.7223° N,9.1393° W,Lisbon,,,1,,,,,,,38.7223,-9.1393,6,
18.2208° N,66.5901° W,,Puerto Rico,,1,,,,,,,18.2208,-66.5901,19,
18.2208° N,66.5901° W,,Puerto Rico ,,1,,,,,,,18.2208,-66.5901,11,
18.4655° N,66.1057° W,,Puerto Rico ,,1,,,,,,,18.4655,-66.1057,21,
25.2769° N,51.5200° E,,Doha,,1,,,,,,,25.2769,51.52,4,
45.9432° N,24.9668° E,,,,1,,,,,,,45.9432,24.9668,9,
45.9432° N,24.9668° E,,,,1,,,,,,,45.9432,24.9668,23,
44.4268° N,26.1025° E,Bucharest,,,1,,,,,,,44.4268,26.1025,16,
44.4268° N,26.1025° E,Bucharest,,,1,,,,,,,44.4268,26.1025,2,
45.6579° N,25.6012° E,Brasov,,,1,,,,,,,45.6579,25.6012,10,
33.4489° S,70.6693° W,Santiagoa,,,1,,,,,,,-33.4489,-70.6693,20,
44.0165° N,21.0059° E,,,,1,,,,,,,44.0165,21.0059,23,
4.6243° S,55.4478° E,,Victoria,,1,,,,,,,-4.6243,55.4478,12,
1.3521° N,103.8198° E,,Singapore,,1,,,,,,,1.3521,103.8198,30,
1.3694° N,103.8455° E,Ang Mo Kio,,,1,,,,,,,1.3694,103.8455,2,
1.3521° N,103.8198° E,Santiago,,,1,,,,,,,1.3521,103.8198,24,
1.3694° N,103.8455° E,Ang Mo Kio,,,1,,,,,,,1.3694,103.8455,8,
48.6690° N,19.6990° E,Bratislava,,,1,,,,,,,48.669,19.699,11,
48.1486° N,17.1077° E,Bratislava,,,1,,,,,,,48.1486,17.1077,10,
48.1486° N,17.1077° E,,,,1,,,,,,,48.1486,17.1077,29,
46.1512° N,14.9955° E,,,,1,,,,,,,46.1512,14.9955,10,
46.0569° N,14.5058° E,Ljubljana,,,1,,,,,,,46.0569,14.5058,27,
48.1486° N,17.1077° E,,Bratislava,,1,,,,,,,48.1486,17.1077,19,
29.8587° S,31.0218° E,,Durba,,1,,,,,,,-29.8587,31.0218,30,
26.2041° S,28.0473° E,Delportshoop,,,1,,,,,,,-26.2041,28.0473,14,
26.2041° S,28.0473° E,,,,1,,,,,,,-26.2041,28.0473,2,
26.2348° S,28.1703,,Germiston,,1,,,,,,,-26.2348,28.1703,6,
33.6456° S,19.0036° E,Wellington,,,1,,,,,,,-33.6456,19.0036,23,
33.8900° S,18.6399° E,Bellville,,,1,,,,,,,-33.89,18.6399,15,
26.2041° S,28.0473° E,Johannesburg,,,1,,,,,,,-26.2041,28.0473,13,
26.2041° S,28.0473° E,Johannesburg,,,1,,,,,,,-26.2041,28.0473,8,
26.2041° S,28.0473° E,Johannesburg,,,1,,,,,,,-26.2041,28.0473,2,
25.7479° S,28.2293° E,Pretoria,,,1,,,,,,,-25.7479,28.2293,27,
33.9249° S,18.4241° E,Hawks,,,1,,,,,,,-33.9249,18.4241,27,
30.5595° S,22.9375° E,Alexander,,,1,,,,,,,-30.5595,22.9375,3,
33.918861,18.4233,Western Cape ,,,1,,,,,,,33.92,18.4233,22,
26.2041° S,28.0473° E,Johannesburg,,,1,,,,,,,-26.2041,28.0473,7,
25.7461° S,28.1881° E,Pretoria ,,,1,,,,,,,-25.7461,28.1881,9,
36.6384° N,127.6961° E,,,,1,,,,,,,36.6384,127.6961,18,
41.3851° N,2.1734° E,,,,1,,,,,,,41.3851,2.1734,26,
41.3851° N,2.1734° E,Barcelona,,,1,,,,,,,41.3851,2.1734,2,
40.4168° N,3.7038° W,Madrid,,,1,,,,,,,40.4168,-3.7038,25,
40.4168° N,3.7038° W,Madrid,,,1,,,,,,,40.4168,-3.7038,30,
41.3851° N,2.1734° E,Catalan,,,1,,,,,,,41.3851,2.1734,30,
39.4699° N,0.3763° W,Valencia,,,1,,,,,,,39.4699,-0.3763,5,
40.4168° N,3.7038° W,Madris,,,1,,,,,,,40.4168,-3.7038,14,
42.5987° N,5.5671° W,Leon,,,1,,,,,,,42.5987,-5.5671,29,
28.2916° N,16.6291° W,Tenerife,,,1,,,,,,,28.2916,-16.6291,26,
59.3293° N,18.0686° E,Stockholm,,,1,,,,,,,59.3293,18.0686,20,
59.3293° N,18.0686° E,,,,1,,,,,,,59.3293,18.0686,22,
59.3293° N,18.0686° E,Stockholm,,,1,,,,,,,59.3293,18.0686,23,
55.6044° N,13.0038° E,Malmo,,,1,,,,,,,55.6044,13.0038,22,
59.3293° N,18.0686° E,Stockholm,,,1,,,,,,,59.3293,18.0686,19,
56.1572° N,14.8700° E,Holland,,,1,,,,,,,56.1572,14.87,9,
59.3293° N,18.0686° E,Stockholm,,,1,,,,,,,59.3293,18.0686,20,
60.1282° N,18.6435° E,,,,1,,,,,,,60.1282,18.6435,12,
47.3769° N,8.5417° E,Zurich,,,1,,,,,,,47.3769,8.5417,10,
46.2044° N,6.1432° E,Geneva ,,,1,,,,,,,46.2044,6.1432,3,
47.3769° N,8.5417° E,,Zurich,,1,,,,,,,47.3769,8.5417,9,
 47.3769° N,8.5417° E,Zurich,,,1,,,,,,,47.3769,8.5417,17,
47.4429° N,7.7491° E,,BaselLandschaft,,1,,,,,,,47.4429,7.7491,20,
47.4245° N,9.3767° E,,St. Gallen,,1,,,,,,,47.4245,9.3767,8,
47.3769° N,8.5417° E,,Zurich,,1,,,,,,,47.3769,8.5417,7,
47.3769° N,8.5417° E,,Zurich,,1,,,,,,,47.3769,8.5417,27,
47.3769° N,8.5417° E,Zurich,,,1,,,,,,,47.3769,8.5417,11,
18.2208° N,66.5901° W,,Zurich,,1,,,,,,,18.2208,-66.5901,10,
46.9480° N,7.4474° E,Bern,,,1,,,,,,,46.948,7.4474,30,
48.2082° N,16.3738° E,,Vienna,,1,,,,,,,48.2082,16.3738,22,
47.3782,8.5402,,Zurich,,1,,,,,,,47.38,8.5402,8,
23.6978° N,120.9605° E,Zhongxiaoxi,,,1,,,,,,,23.6978,120.9605,24,
25.276987° N,55.296249° E,Dubai,,,1,,,,,,,25.276987,55.296249,18,
52.9115° N,0.6417° W,Grantham,,,1,,,,,,,52.9115,-0.6417,4,
37.7749° N,122.4194° W,London,,,1,,,,,,,37.7749,-122.4194,5,
40.0583° N,74.4057° W,,New Jersey,,1,,,,,,,40.0583,-74.4057,18,
40.7831° N,73.9712° W,New York,,,1,,,,,,,40.7831,-73.9712,9,
38.8462° N,77.3064° W,Fairfax County,Virginia,,1,,,,,,,38.8462,-77.3064,16,
34.0522° N,118.2437° W,Los Angeles,California,,1,,,,,,,34.0522,-118.2437,17,
40.7891° N,73.1349° W,Nassua,NY,,1,,,,,,,40.7891,-73.1349,27,
41.7637° N,72.6128° W,East Hartford,Conneticut,,1,,,,,,,41.7637,-72.6128,5,
37.7693° N,78.1699° W,,Virginia,,1,,,,,,,37.7693,-78.1699,20,
35.1085° N,77.0441° W,New Bern,North Carolina,,1,,,,,,,35.1085,-77.0441,26,
40.0992° N,83.1141° W,Dublin,Ohio,,1,,,,,,,40.0992,-83.1141,15,
38.8951° N,77.0364° W,Washington,District of Columbia,,1,,,,,,,38.8951,-77.0364,29,
30.4394° N,97.6200° W,PlugerVille,Texas,,1,,,,,,,30.4394,-97.62,29,
36.1699° N,115.1398° W,Las Vegas,Nevada,,1,,,,,,,36.1699,-115.1398,2,
33.8958° N,84.1389° W,Lilburn,Alabama,,1,,,,,,,33.8958,-84.1389,18,
39.7392° N,104.9903° W,Denver,Colorado,,1,,,,,,,39.7392,-104.9903,19,
36.3880° N,86.4467° W,Gallatin,Tennessee,,1,,,,,,,36.388,-86.4467,8,
40.7831° N,73.9712° W,New York,New York,,1,,,,,,,40.7831,-73.9712,17,
42.3601° N,71.0589° W,Boston,Massachuesets,,1,,,,,,,42.3601,-71.0589,28,
43.8845° N, 91.2351° W,Onalaska,Wisconsin,,1,,,,,,,43.8845,-91.2351,10,
38.2527° N,85.7585° W,Louisville,Kentucky,,1,,,,,,,38.2527,-85.7585,6,
29.8947° N,81.3145° W,"ST. AUGUSTINE, FL",Florida,,1,,,,,,,29.8947,-81.3145,19,
29.7604° N,95.3698° W,Houston,Texas,,1,,,,,,,29.7604,-95.3698,15,
30.3883° N,95.6965° W,Montgomery,Texas,,1,,,,,,,30.3883,-95.6965,5,
29.8947° N,81.3139° W,"ST. AUGUSTINE, FL",Florida,,1,,,,,,,29.8947,-81.3139,15,
33.3997° N,91.0377° W,Greenville,Mississippi,,1,,,,,,,33.3997,-91.0377,7,
34.0522° N,118.2437° W,Los Angeles,California,,1,,,,,,,34.0522,-118.2437,14,
34.0522° N,118.2437° W,Los Angeles,California,,1,,,,,,,34.0522,-118.2437,23,
40.7831° N,73.9712° W,New York City,New York,,1,,,,,,,40.7831,-73.9712,12,
33.6846° N,117.8265° W,Irvine,California,,1,,,,,,,33.6846,-117.8265,30,
26.7056° N,80.0364° W,Palm Beach,Florida,,1,,,,,,,26.7056,-80.0364,2,
41.9634° N,87.8232° W,Norridge,illinois,,1,,,,,,,41.9634,-87.8232,24,
43.7730° N,88.4474° W,Fond,Wisconsin,,1,,,,,,,43.773,-88.4474,6,
39.4142° N,77.4105° W,Frederick,Maryland,,1,,,,,,,39.4142,-77.4105,27,
37.9577° N,121.2908° W,Stockton,California,,1,,,,,,,37.9577,-121.2908,9,
46.7833° N,92.1066° W,Duluth,Minnesota,,1,,,,,,,46.7833,-92.1066,22,
47.0379° N,122.9007° W,Boyd County,Washington,,1,,,,,,,47.0379,-122.9007,26,
34.9592° N,116.4194° W,Inland Empire,California,,1,,,,,,,34.9592,-116.4194,4,
34.0522° N,117.4340° W,Inland Empore,California,,1,,,,,,,34.0522,-117.434,5,
40.9753° N,74.0260° W,Emerson,New Jersey,,1,,,,,,,40.9753,-74.026,24,
34.7465° N,92.2896° W,Little Rock,Arkansas,,1,,,,,,,34.7465,-92.2896,11,
40.7128° N,74.0060° W,New York,NY,,1,,,,,,,40.7128,-74.006,26,
35.2271° N,80.8431° W,CharlotteMecklenburg,North Carolina,,1,,,,,,,35.2271,-80.8431,24,
34.6100° N,112.3157° W,Prescott Valley,Arizona,,1,,,,,,,34.61,-112.3157,28,
47.6062° N,122.3321° W,King County,Washingon,,1,,,,,,,47.6062,-122.3321,5,
38.8951° N,77.0364° W,Georgetown,District of Columbia,,1,,,,,,,38.8951,-77.0364,12,
45.5155° N,122.6793° W,King county,Oregon,,1,,,,,,,45.5155,-122.6793,30,
38.8951° N,77.0364° W,,Washington DC,,1,,,,,,,38.8951,-77.0364,5,
39.0997° N,94.5786° W,Kansas City,Missouri,,1,,,,,,,39.0997,-94.5786,14,
28.7041° N,82.2036° W,Sumter,Florida,,1,,,,,,,28.7041,-82.2036,3,
42.3195° N,71.6410° W,Northborough,Massachusets,,1,,,,,,,42.3195,-71.641,27,
32.9546° N,97.0150° W,Coppell,Texas,,1,,,,,,,32.9546,-97.015,3,
32.9546° N,97.0150° W,Coppell,Texas,,1,,,,,,,32.9546,-97.015,2,
40.3454° N,105.0496° W,Johnstown,Colorado,,1,,,,,,,40.3454,-105.0496,29,
40.7448° N,74.0324° W,Berkeley,New Jersey,,1,,,,,,,40.7448,-74.0324,23,
38.4221° N,77.4086° W,Stafford,Virginia,,1,,,,,,,38.4221,-77.4086,27,
26.6514° N,80.2767° W,Palm Beach,Florida,,1,,,,,,,26.6514,-80.2767,15,
37.2698° N,85.9074° W,Blairsville Boro,Kentucky,,1,,,,,,,37.2698,-85.9074,24,
33.9806° N,117.3755° W,Riverside,California,,1,,,,,,,33.9806,-117.3755,16,
34.1083° N,117.2898° W,San Bernardino,California,,1,,,,,,,34.1083,-117.2898,12,
43.1095° N,98.5811° W,Charles Mix,California,,1,,,,,,,43.1095,-98.5811,23,
37.3382° N,121.8863° W,San Jose,California,,1,,,,,,,37.3382,-121.8863,4,
38.2856° N,85.8241° W,New Albany,Indiana,,1,,,,,,,38.2856,-85.8241,9,
34.0522° N,118.2437° W,Los Angeles,,,1,,,,,,,34.0522,-118.2437,10,
41.7508° N,87.7915° W,Bridgeview,Illinois,,1,,,,,,,41.7508,-87.7915,14,
40.7128° N,74.0060° W,New York,NY,,1,,,,,,,40.7128,-74.006,25,
41.8781° N,87.6298° W,Chicago,Illinois,,1,,,,,,,41.8781,-87.6298,29,
48.4163° N,122.6054° W,Skagit,Washington,,1,,,,,,,48.4163,-122.6054,25,
35.6870° N,105.9378° W,Santa Fe,New Mexico,,1,,,,,,,35.687,-105.9378,26,
29.7604° N,95.3698° W,Houston,Texas,,1,,,,,,,29.7604,-95.3698,10,
42.1292° N,80.0851° W,Erie,New York,,1,,,,,,,42.1292,-80.0851,3,
33.7175° N,117.8311° W,Orange County,California,,1,,,,,,,33.7175,-117.8311,3,
34.0522° N,118.2437° W,Los Angeles ,CA,,1,,,,,,,34.0522,-118.2437,16,
32.5007° N,94.7405° W,Longview ,Texas,,1,,,,,,,32.5007,-94.7405,6,
40.1610° N,105.1019° W,Erie,Colorado,,1,,,,,,,40.161,-105.1019,16,
34.0522° N,118.2437° W,Los Angelese,,,1,,,,,,,34.0522,-118.2437,26,
48.0330° N,121.8339° W,Snohomish County,Washington,,1,,,,,,,48.033,-121.8339,5,
29.7604° N,95.3698° W,Houston,Texas,,1,,,,,,,29.7604,-95.3698,9,
34.0686° N,118.0276° W,El Monte,California,,1,,,,,,,34.0686,-118.0276,7,
41.7215° N,86.1784° W,Bristol,Indiana,,1,,,,,,,41.7215,-86.1784,27,
34.0953° N,118.1270° W,Alhambra ,,,1,,,,,,,34.0953,-118.127,29,
29.5693° N,95.8143° W,Fort Bend,Texas,,1,,,,,,,29.5693,-95.8143,7,
35.0527° N,78.8784° W,Fayetteville,North Carolina,,1,,,,,,,35.0527,-78.8784,10,
36.1627° N,86.7816° W,Nashville,Tennesse,,1,,,,,,,36.1627,-86.7816,29,
33.4484° N,112.0740° W,Phoenix,Arizona,,1,,,,,,,33.4484,-112.074,7,
33.7892° N,81.9271° W,Edgefield,South Carolina,,1,,,,,,,33.7892,-81.9271,5,
34.0007° N,81.0348° W,Richland,South Carolina,,1,,,,,,,34.0007,-81.0348,25,
29.5693° N,95.8143° W,Fort Bend,Texas,,1,,,,,,,29.5693,-95.8143,30,
41.7245° N,81.2457° W,Painsville,Ohio,,1,,,,,,,41.7245,-81.2457,22,
34.1478° N,118.1445° W,Pasadena,California,,1,,,,,,,34.1478,-118.1445,16,
32.5093° N,92.1193° W,Monroe,LA,,1,,,,,,,32.5093,-92.1193,4,
37.8049° N,122.2711° W,Oakland,CA,,1,,,,,,,37.8049,-122.2711,6,
41.9001° N,71.0898° W,Taunton,Massachusetts,,1,,,,,,,41.9001,-71.0898,11,
47.5301° N,122.0326° W,Issaquah,Washington,,1,,,,,,,47.5301,-122.0326,30,
38.0834° N,122.7633° W,Marin,California,,1,,,,,,,38.0834,-122.7633,30,
43.6319° N,95.7457° W,Sibley,Minnesota,,1,,,,,,,43.6319,-95.7457,7,
35.1823° N,83.3815° W,Franklin,North Carolina,,1,,,,,,,35.1823,-83.3815,26,
41.0262° N,73.6282° W,Greenwich,Conneticut,,1,,,,,,,41.0262,-73.6282,27,
32.9483° N,96.7299° W,Richardson,Dallas,,1,,,,,,,32.9483,-96.7299,22,
41.5431° N,81.2859° W,Geauga County,Ohio,,1,,,,,,,41.5431,-81.2859,11,
32.8335° N,96.4850° W,Heath,Texas,,1,,,,,,,32.8335,-96.485,25,
33.2588° N,111.6356° W,Queen Creek,Arizona,,1,,,,,,,33.2588,-111.6356,19,
40.7128° N,74.0060° W,New York,,,1,,,,,,,40.7128,-74.006,23,
47.7243° N,120.4978° W,Stevens,Washington,,1,,,,,,,47.7243,-120.4978,15,
40.7128° N,74.0060° W,New York,NY,,1,,,,,,,40.7128,-74.006,28,
42.4430° N,76.5019° W,Ithaca,NY,,1,,,,,,,42.443,-76.5019,26,
36.1699° N,115.1398° W,LAs Vegas,Nevada,,1,,,,,,,36.1699,-115.1398,21,
37.8393° N,84.2700° W,,Kentucky,,1,,,,,,,37.8393,-84.27,9,
47.7243° N,120.4978° W,Douglas County,Washington ,,1,,,,,,,47.7243,-120.4978,8,
36.8529° N,75.9780° W,Virginia Beach,VA,,1,,,,,,,36.8529,-75.978,14,
31.7619° N,106.4850° W,El Paso,Texas,,1,,,,,,,31.7619,-106.485,4,
42.0324° N,87.7416° W,"Skokie,",Ilinois,,1,,,,,,,42.0324,-87.7416,24,
38.5816° N,121.4944° W,Sacramento,California,,1,,,,,,,38.5816,-121.4944,11,
38.8951° N,77.0364° W,,Washington DC,,1,,,,,,,38.8951,-77.0364,26,
39.0837° N,77.1537° W,Montgomery ,Maryland,,1,,,,,,,39.0837,-77.1537,15,
40.5187° N,74.4121° W,Edison,New Jersey,,1,,,,,,,40.5187,-74.4121,5,
38.7071° N,121.2811° W,Citrus Height,California,,1,,,,,,,38.7071,-121.2811,28,
38.8951° N,77.0364° W,,District of Columbia,,1,,,,,,,38.8951,-77.0364,27,
36.0609° N,95.7970° W,Broken Arrow,Oklahoma,,1,,,,,,,36.0609,-95.797,4,
27.3119° N,80.3798° W,St. Lucie County,Florida,,1,,,,,,,27.3119,-80.3798,15,
36.1699° N,115.1398° W,Las Vegas,Nevada,,1,,,,,,,36.1699,-115.1398,10,
42.4534° N,75.7899° W,Chenango,New York,,1,,,,,,,42.4534,-75.7899,10,
45.0620° N,102.1715° W,Grenfell,,,1,,,,,,,45.062,-102.1715,27,
38.8951° N,77.0364° W,,District of Columbia,,1,,,,,,,38.8951,-77.0364,23,
33.8901° N,84.1420° W,Lilburn,Georgia,,1,,,,,,,33.8901,-84.142,23,
26.0705° N,81.4279° W,Collier County,Florida,,1,,,,,,,26.0705,-81.4279,24,
35.0527° N,78.8784° W,Fayetteville,North Carolina,,1,,,,,,,35.0527,-78.8784,11,
37.9432° N,89.4776° W,Bridgeville,Illinois,,1,,,,,,,37.9432,-89.4776,16,
38.9072° N,77.0369° W,,District of Columbia,,1,,,,,,,38.9072,-77.0369,30,
31.9686° N,99.9018° W,,Texas,,1,,,,,,,31.9686,-99.9018,6,
40.1672° N,105.1019° W,Longmont,Colorado,,1,,,,,,,40.1672,-105.1019,28,
41.4993° N,81.6944° W,Cleveland,Ohio,,1,,,,,,,41.4993,-81.6944,9,
33.8688° S,151.2093° E,Memphis,Tennessee,,1,,,,,,,-33.8688,151.2093,11,
37.8136° S,144.9631° E,,Kentucky,,1,,,,,,,-37.8136,144.9631,26,
39.5501° N,105.7821° W,Colorado Springs,Colorado,,1,,,,,,,39.5501,-105.7821,25,
34.0522° N,118.2437° W,,Colorado,,1,,,,,,,34.0522,-118.2437,6,
34.0522° N,118.2437° W,Los Angeles,California,,1,,,,,,,34.0522,-118.2437,27,
29.7311° N,98.2753° W,Los Angeles,California,,1,,,,,,,29.7311,-98.2753,8,
52.3508° N,5.2647° E,Comal,Texas,,1,,,,,,,52.3508,5.2647,6,
42.3572° N,88.0903° W,Palm Beach,Florida,,1,,,,,,,42.3572,-88.0903,20,
46.8797° N,110.3626° W,Round Lake,Illinois,,1,,,,,,,46.8797,-110.3626,16,
30.0002° S,136.2092° E,,Montana,,1,,,,,,,-30.0002,136.2092,18,
34.1083° N,117.2898° W,Redlands ,CA,,1,,,,,,,34.1083,-117.2898,15,
37.7652° N,122.2416° W,,New Jersey,,1,,,,,,,37.7652,-122.2416,2,
50.9167° N,4.5833° E,San Bernardina,California,,1,,,,,,,50.9167,4.5833,24,
47.3769° N,8.5417° E,Alameda,California,,1,,,,,,,47.3769,8.5417,12,
31.2411° N,90.4532° W,Mccomb,MS,,1,,,,,,,31.2411,-90.4532,6,
35.7326° N,84.3334° W,Mccomb City,Mississippi,,1,,,,,,,35.7326,-84.3334,17,
34.0922° N,117.4350° W,Stratford,Conneticut,,1,,,,,,,34.0922,-117.435,18,
40.1045° N,74.8548° W,Colorado Springs,Colorado,,1,,,,,,,40.1045,-74.8548,15,
38.8026° N,116.4194° W,,Puerto Rico,,1,,,,,,,38.8026,-116.4194,11,
29.8587° S,31.0218° E,Loudoun,Tennessee,,1,,,,,,,-29.8587,31.0218,4,
45.5293° N,9.2828° E,Fontana,California,,1,,,,,,,45.5293,9.2828,12,
4.2105° N,101.9758° E,Bristol,Pennslyvania,,1,,,,,,,4.2105,101.9758,8,
43.6764° N,79.7671° W,,Nevada,,1,,,,,,,43.6764,-79.7671,10,
34.4839° N,114.3225° W,Lake Havasu,Arizona,,1,,,,,,,34.4839,-114.3225,27,
42.3601° N,71.0589° W,Boston,,,1,,,,,,,42.3601,-71.0589,27,
43.4054° N,113.9755° W,Blaine County,Idaho,,1,,,,,,,43.4054,-113.9755,26,
29.5693° N,95.8143° W,Fort Bend,Texas,,1,,,,,,,29.5693,-95.8143,12,
32.7767° N,96.7970° W,Dallas,Texas,,1,,,,,,,32.7767,-96.797,30,
40.6869° N,122.7972° W,Lewiston,California,,1,,,,,,,40.6869,-122.7972,10,
46.2084° N,119.7657° W,Prosser,Washington,,1,,,,,,,46.2084,-119.7657,28,
34.0522° N,118.2437° W,,Southern California,,1,,,,,,,34.0522,-118.2437,2,
34.0489° N,111.0937° W,,Arizona,,1,,,,,,,34.0489,-111.0937,20,
35.9940° N,78.8986° W,Durham,North Carolina,,1,,,,,,,35.994,-78.8986,12,
34.0754° N,84.2941° W,Alpharetta,Georgia,,1,,,,,,,34.0754,-84.2941,25,
35.7796° N,78.6382° W,Raleigh,North Carolina,,1,,,,,,,35.7796,-78.6382,26,
33.8688° S,151.2093° E,,New South Wales,,1,,,,,,,-33.8688,151.2093,8,
30.7744° N,85.2261° W,Jackson County,Florida,,1,,,,,,,30.7744,-85.2261,18,
38.2527° N,85.7585° W,,Kentucky,,1,,,,,,,38.2527,-85.7585,18,
37.4316° N,78.6569° W,,Virginia,,1,,,,,,,37.4316,-78.6569,24,
32.8067° N,86.7911° W,,Alabama,,1,,,,,,,32.8067,-86.7911,20,
32.9810° N,79.9370° W,Goose Creek,South Carolina,,1,,,,,,,32.981,-79.937,19,
45.1871° N,93.9743° W,Wright,Minnesota,,1,,,,,,,45.1871,-93.9743,5,
40.1149° N,111.6549° W,Spanish Fork,Utah,,1,,,,,,,40.1149,-111.6549,20,
38.3730° N,82.6822° W,Boyd,Kentucky,,1,,,,,,,38.373,-82.6822,8,
42.9860° N,79.7990° W,Haldimand,Ontario,,1,,,,,,,42.986,-79.799,30,
27.3364° N,82.5307° W,,Sarasota ,,1,,,,,,,27.3364,-82.5307,27,
38.7849° N,76.8721° W,Prince George's County,Maryland,,1,,,,,,,38.7849,-76.8721,18,
42.9860° N,79.7990° W,Haldimand,Ontario,,1,,,,,,,42.986,-79.799,29,
33.8842° S, 151.2135° E,Sydney,,,1,,,,,,,-33.8842,151.2135,19,
38.8106° N,90.6998° W,O'Fallon,Missouri,,1,,,,,,,38.8106,-90.6998,2,
29.7604° N,95.3698° W,Houston,Texas,,1,,,,,,,29.7604,-95.3698,22,
31.8741° S,146.9211° E,,New South Wales,,1,,,,,,,-31.8741,146.9211,20,
31.9973° N,102.0779° W,Midland,,,1,,,,,,,31.9973,-102.0779,18,
38.3498° N,82.9969° W,,Boyd County,,1,,,,,,,38.3498,-82.9969,2,
47.6062° N,122.3321° W,Seattle,Oregon,,1,,,,,,,47.6062,-122.3321,30,
 51.0447° N,114.0719° W,Calgary,,,1,,,,,,,51.0447,-114.0719,7,
43.5448° N,80.2482° W,Guelph ,Ontario,,1,,,,,,,43.5448,-80.2482,20,
38.8951° N,77.0364° W,,District of Columbia,,1,,,,,,,38.8951,-77.0364,4,
42.4312° N,83.4835° W,Northville,,,1,,,,,,,42.4312,-83.4835,23,
41.5236° N,99.9018° W,Platte County,Nebraska,,1,,,,,,,41.5236,-99.9018,16,
41.6611° N,86.1586° W,Mishawaka,Indiana,,1,,,,,,,41.6611,-86.1586,28,
50.0000° N,86.0000° W,,Ontario,,1,,,,,,,50,-86,29,
27.9757° N,82.7850° W,Pinellas,,,1,,,,,,,27.9757,-82.785,7,
42.1531° N,86.3040° W,Coloma,,,1,,,,,,,42.1531,-86.304,21,
33.9495° S,151.2488° E,Sydney,,,1,,,,,,,-33.9495,151.2488,27,
18.2208° N,66.5901° W,,Puerto Rico,,1,,,,,,,18.2208,-66.5901,29,
30.3119° N,95.4561° W,Conroe,Texas,,1,,,,,,,30.3119,-95.4561,8,
33.7175° N,117.8311° W,Orange County,,,1,,,,,,,33.7175,-117.8311,27,
59.3293° N,18.0686° E,Stockholm,,,1,,,,,,,59.3293,18.0686,24,
42.3601° N,71.0589° W,Boston,,,1,,,,,,,42.3601,-71.0589,5,
44.5895° N,75.6847° W,Brockville,Ontario,,1,,,,,,,44.5895,-75.6847,6,
34.0522° N,118.2437° W,Los Angeles,,,1,,,,,,,34.0522,-118.2437,30,
34.0569° S,151.1528° E,Sydney,,,1,,,,,,,-34.0569,151.1528,25,
51.1045° N,13.2017° E,,sachsenanhalt,,1,,,,,,,51.1045,13.2017,29,
45.0302° S,168.6626° E,Queenstown,,,1,,,,,,,-45.0302,168.6626,24,
35.6513° N,78.8336° W,Holly Springs,North Carolina,,1,,,,,,,35.6513,-78.8336,6,
33.9175° S,151.2416° E,Sydney,,,1,,,,,,,-33.9175,151.2416,3,
33.8075° S,151.1847° E,Sydney,,,1,,,,,,,-33.8075,151.1847,19,
40.0583° N,74.4057° W,South Australia,,,1,,,,,,,40.0583,-74.4057,28,
43.2140° N,114.3559° W,Blaine Counry,Idaho,,1,,,,,,,43.214,-114.3559,29,
37.8136° S,144.9631° E,Victoria,,,1,,,,,,,-37.8136,144.9631,10,
,,,,,,,,,,,,,,,
,,,,,,,,,,,,,,,
,,,,,,,,,,,,,,,
,,,,,,,,,,,,,,,
,,,,,,,,,,,,,,,
,,,,,,,,,,,,,,,
,,,,,,,,,,,,,,,
,,,,,,,,,,,,,,,
,,,,,,,,,,,,,,,
,,,,,,,,,,,,,,,
,,,,,,,,,,,,,,,
,,,,,,,,,,,,,,,
,,,,,,,,,,,,,,,
,,,,,,,,,,,,,,,
,,,,,,,,,,,,,,,
,,,,,,,,,,,,,,,
,,,,,,,,,,,,,,,
,,,,,,,,,,,,,,,
,,,,,,,,,,,,,,,
,,,,,,,,,,,,,,,
,,,,,,,,,,,,,,,
,,,,,,,,,,,,,,,
,,,,,,,,,,,,,,,
,,,,,,,,,,,,,,,
,,,,,,,,,,,,,,,
,,,,,,,,,,,,,,,
,,,,,,,,,,,,,,,
,,,,,,,,,,,,,,,
,,,,,,,,,,,,,,,
,,,,,,,,,,,,,,,
,,,,,,,,,,,,,,,
,,,,,,,,,,,,,,,
,,,,,,,,,,,,,,,
,,,,,,,,,,,,,,,
,,,,,,,,,,,,,,,
,,,,,,,,,,,,,,,
,,,,,,,,,,,,,,,
,,,,,,,,,,,,,,,
,,,,,,,,,,,,,,,
,,,,,,,,,,,,,,,
,,,,,,,,,,,,,,,
,,,,,,,,,,,,,,,
,,,,,,,,,,,,,,,
,,,,,,,,,,,,,,,
,,,,,,,,,,,,,,,
,,,,,,,,,,,,,,,
,,,,,,,,,,,,,,,
,,,,,,,,,,,,,,,
,,,,,,,,,,,,,,,
,,,,,,,,,,,,,,,
,,,,,,,,,,,,,,,
,,,,,,,,,,,,,,,
,,,,,,,,,,,,,,,
,,,,,,,,,,,,,,,
,,,,,,,,,,,,,,,
,,,,,,,,,,,,,,,
,,,,,,,,,,,,,,,
,,,,,,,,,,,,,,,
,,,,,,,,,,,,,,,
,,,,,,,,,,,,,,,
,,,,,,,,,,,,,,,
,,,,,,,,,,,,,,,
,,,,,,,,,,,,,,,
,,,,,,,,,,,,,,,
,,,,,,,,,,,,,,,
,,,,,,,,,,,,,,,
,,,,,,,,,,,,,,,
,,,,,,,,,,,,,,,
,,,,,,,,,,,,,,,
,,,,,,,,,,,,,,,
,,,,,,,,,,,,,,,
,,,,,,,,,,,,,,,
,,,,,,,,,,,,,,,
,,,,,,,,,,,,,,,
,,,,,,,,,,,,,,,
,,,,,,,,,,,,,,,
,,,,,,,,,,,,,,,
,,,,,,,,,,,,,,,
,,,,,,,,,,,,,,,
,,,,,,,,,,,,,,,
,,,,,,,,,,,,,,,
,,,,,,,,,,,,,,,
,,,,,,,,,,,,,,,
,,,,,,,,,,,,,,,
,,,,,,,,,,,,,,,
,,,,,,,,,,,,,,,
,,,,,,,,,,,,,,,
,,,,,,,,,,,,,,,
,,,,,,,,,,,,,,,
,,,,,,,,,,,,,,,
,,,,,,,,,,,,,,,
,,,,,,,,,,,,,,,
,,,,,,,,,,,,,,,
,,,,,,,,,,,,,,,
,,,,,,,,,,,,,,,
,,,,,,,,,,,,,,,
,,,,,,,,,,,,,,,
,,,,,,,,,,,,,,,
,,,,,,,,,,,,,,,
,,,,,,,,,,,,,,,
,,,,,,,,,,,,,,,
,,,,,,,,,,,,,,,
,,,,,,,,,,,,,,,
,,,,,,,,,,,,,,,
,,,,,,,,,,,,,,,
,,,,,,,,,,,,,,,
,,,,,,,,,,,,,,,
,,,,,,,,,,,,,,,
,,,,,,,,,,,,,,,
,,,,,,,,,,,,,,,
,,,,,,,,,,,,,,,
,,,,,,,,,,,,,,,
,,,,,,,,,,,,,,,
,,,,,,,,,,,,,,,
,,,,,,,,,,,,,,,
,,,,,,,,,,,,,,,
,,,,,,,,,,,,,,,
,,,,,,,,,,,,,,,
,,,,,,,,,,,,,,,
,,,,,,,,,,,,,,,
,,,,,,,,,,,,,,,
,,,,,,,,,,,,,,,
,,,,,,,,,,,,,,,
,,,,,,,,,,,,,,,
,,,,,,,,,,,,,,,
,,,,,,,,,,,,,,,
,,,,,,,,,,,,,,,
,,,,,,,,,,,,,,,
,,,,,,,,,,,,,,,
,,,,,,,,,,,,,,,
,,,,,,,,,,,,,,,
,,,,,,,,,,,,,,,
,,,,,,,,,,,,,,,
,,,,,,,,,,,,,,,
,,,,,,,,,,,,,,,
,,,,,,,,,,,,,,,
,,,,,,,,,,,,,,,
,,,,,,,,,,,,,,,
,,,,,,,,,,,,,,,
,,,,,,,,,,,,,,,
,,,,,,,,,,,,,,,
,,,,,,,,,,,,,,,
,,,,,,,,,,,,,,,
,,,,,,,,,,,,,,,
,,,,,,,,,,,,,,,
,,,,,,,,,,,,,,,
,,,,,,,,,,,,,,,
,,,,,,,,,,,,,,,
,,,,,,,,,,,,,,,
,,,,,,,,,,,,,,,
,,,,,,,,,,,,,,,
,,,,,,,,,,,,,,,
,,,,,,,,,,,,,,,
,,,,,,,,,,,,,,,
,,,,,,,,,,,,,,,
,,,,,,,,,,,,,,,
,,,,,,,,,,,,,,,
,,,,,,,,,,,,,,,
,,,,,,,,,,,,,,,
,,,,,,,,,,,,,,,
,,,,,,,,,,,,,,,
,,,,,,,,,,,,,,,
,,,,,,,,,,,,,,,
,,,,,,,,,,,,,,,
,,,,,,,,,,,,,,,
,,,,,,,,,,,,,,,
,,,,,,,,,,,,,,,
,,,,,,,,,,,,,,,
,,,,,,,,,,,,,,,
,,,,,,,,,,,,,,,
,,,,,,,,,,,,,,,
,,,,,,,,,,,,,,,
,,,,,,,,,,,,,,,
,,,,,,,,,,,,,,,
,,,,,,,,,,,,,,,
,,,,,,,,,,,,,,,
,,,,,,,,,,,,,,,
,,,,,,,,,,,,,,,
,,,,,,,,,,,,,,,
,,,,,,,,,,,,,,,
,,,,,,,,,,,,,,,
,,,,,,,,,,,,,,,
,,,,,,,,,,,,,,,
,,,,,,,,,,,,,,,
,,,,,,,,,,,,,,,
,,,,,,,,,,,,,,,
,,,,,,,,,,,,,,,
,,,,,,,,,,,,,,,
,,,,,,,,,,,,,,,
,,,,,,,,,,,,,,,
,,,,,,,,,,,,,,,
,,,,,,,,,,,,,,,
,,,,,,,,,,,,,,,
,,,,,,,,,,,,,,,
,,,,,,,,,,,,,,,
,,,,,,,,,,,,,,,
,,,,,,,,,,,,,,,
,,,,,,,,,,,,,,,
,,,,,,,,,,,,,,,
,,,,,,,,,,,,,,,
,,,,,,,,,,,,,,,
,,,,,,,,,,,,,,,
,,,,,,,,,,,,,,,
,,,,,,,,,,,,,,,
,,,,,,,,,,,,,,,
,,,,,,,,,,,,,,,
,,,,,,,,,,,,,,,
,,,,,,,,,,,,,,,
,,,,,,,,,,,,,,,
,,,,,,,,,,,,,,,
,,,,,,,,,,,,,,,
,,,,,,,,,,,,,,,
,,,,,,,,,,,,,,,
,,,,,,,,,,,,,,,
,,,,,,,,,,,,,,,
,,,,,,,,,,,,,,,
,,,,,,,,,,,,,,,
,,,,,,,,,,,,,,,
,,,,,,,,,,,,,,,
,,,,,,,,,,,,,,,
,,,,,,,,,,,,,,,
,,,,,,,,,,,,,,,
,,,,,,,,,,,,,,,
,,,,,,,,,,,,,,,
,,,,,,,,,,,,,,,
,,,,,,,,,,,,,,,
,,,,,,,,,,,,,,,
,,,,,,,,,,,,,,,
,,,,,,,,,,,,,,,
,,,,,,,,,,,,,,,
,,,,,,,,,,,,,,,
,,,,,,,,,,,,,,,
,,,,,,,,,,,,,,,
,,,,,,,,,,,,,,,
,,,,,,,,,,,,,,,
,,,,,,,,,,,,,,,
,,,,,,,,,,,,,,,
,,,,,,,,,,,,,,,
,,,,,,,,,,,,,,,
,,,,,,,,,,,,,,,
,,,,,,,,,,,,,,,
,,,,,,,,,,,,,,,
,,,,,,,,,,,,,,,
,,,,,,,,,,,,,,,
,,,,,,,,,,,,,,,
,,,,,,,,,,,,,,,
,,,,,,,,,,,,,,,
,,,,,,,,,,,,,,,
,,,,,,,,,,,,,,,
,,,,,,,,,,,,,,,
,,,,,,,,,,,,,,,
,,,,,,,,,,,,,,,
,,,,,,,,,,,,,,,
,,,,,,,,,,,,,,,
,,,,,,,,,,,,,,,
,,,,,,,,,,,,,,,
,,,,,,,,,,,,,,,
,,,,,,,,,,,,,,,
,,,,,,,,,,,,,,,
,,,,,,,,,,,,,,,
,,,,,,,,,,,,,,,
,,,,,,,,,,,,,,,
,,,,,,,,,,,,,,,
,,,,,,,,,,,,,,,
,,,,,,,,,,,,,,,
,,,,,,,,,,,,,,,
,,,,,,,,,,,,,,,
,,,,,,,,,,,,,,,
,,,,,,,,,,,,,,,
,,,,,,,,,,,,,,,
,,,,,,,,,,,,,,,
,,,,,,,,,,,,,,,
,,,,,,,,,,,,,,,
,,,,,,,,,,,,,,,
,,,,,,,,,,,,,,,
,,,,,,,,,,,,,,,
,,,,,,,,,,,,,,,
,,,,,,,,,,,,,,,
,,,,,,,,,,,,,,,
,,,,,,,,,,,,,,,
,,,,,,,,,,,,,,,
,,,,,,,,,,,,,,,
,,,,,,,,,,,,,,,
,,,,,,,,,,,,,,,
,,,,,,,,,,,,,,,
,,,,,,,,,,,,,,,
,,,,,,,,,,,,,,,
,,,,,,,,,,,,,,,
,,,,,,,,,,,,,,,
,,,,,,,,,,,,,,,
,,,,,,,,,,,,,,,
,,,,,,,,,,,,,,,
,,,,,,,,,,,,,,,
,,,,,,,,,,,,,,,
,,,,,,,,,,,,,,,
,,,,,,,,,,,,,,,
,,,,,,,,,,,,,,,
,,,,,,,,,,,,,,,
,,,,,,,,,,,,,,,
,,,,,,,,,,,,,,,
,,,,,,,,,,,,,,,
,,,,,,,,,,,,,,,
,,,,,,,,,,,,,,,
,,,,,,,,,,,,,,,
,,,,,,,,,,,,,,,
,,,,,,,,,,,,,,,
,,,,,,,,,,,,,,,
,,,,,,,,,,,,,,,
,,,,,,,,,,,,,,,
,,,,,,,,,,,,,,,
,,,,,,,,,,,,,,,
,,,,,,,,,,,,,,,
,,,,,,,,,,,,,,,
,,,,,,,,,,,,,,,
,,,,,,,,,,,,,,,
,,,,,,,,,,,,,,,
,,,,,,,,,,,,,,,
,,,,,,,,,,,,,,,
,,,,,,,,,,,,,,,
,,,,,,,,,,,,,,,
,,,,,,,,,,,,,,,
,,,,,,,,,,,,,,,
,,,,,,,,,,,,,,,
,,,,,,,,,,,,,,,
,,,,,,,,,,,,,,,
,,,,,,,,,,,,,,,
,,,,,,,,,,,,,,,
,,,,,,,,,,,,,,,
,,,,,,,,,,,,,,,
,,,,,,,,,,,,,,,
,,,,,,,,,,,,,,,
,,,,,,,,,,,,,,,
,,,,,,,,,,,,,,,
,,,,,,,,,,,,,,,
,,,,,,,,,,,,,,,
,,,,,,,,,,,,,,,
,,,,,,,,,,,,,,,
,,,,,,,,,,,,,,,
,,,,,,,,,,,,,,,
33.8166° S, 151.1573° E,Sydney,,,,,,,,,,,,,
33.8241° S,151.2401° E,Sydney,,,,,,,,,,,,,
33.8923° S,151.2508° E,Sydney,,,,,,,,,,,,,
33.8137° S,151.0080° E,Sydney,,,,,,,,,,,,,
33.7329° S ,151.0038° E,Sydney,,,,,,,,,,,,,
33.7517° S,151.2869° E,Sydney,,,,,,,,,,,,,
33.9065° S, 151.2085° E,Sydney,,,,,,,,,,,,,
33.8054° S,150.9888° E,Sydney,,,,,,,,,,,,,
